Datetime,Water Level (m)
2025-04-08 12:00:00,0.17885463
2025-04-08 13:00:00,0.0551939
2025-04-08 14:00:00,-0.052368347
2025-04-08 15:00:00,-0.102832854
2025-04-08 16:00:00,-0.11832593
2025-04-08 17:00:00,-0.1298287
2025-04-08 18:00:00,-0.11208823
2025-04-08 19:00:00,0.009520012
2025-04-08 20:00:00,0.1688123
2025-04-08 21:00:00,0.2794861
2025-04-08 22:00:00,0.33921194
2025-04-08 23:00:00,0.3451425
2025-04-09 00:00:00,0.2991409
2025-04-09 01:00:00,0.17288695
2025-04-09 02:00:00,0.044195697
2025-04-09 03:00:00,-0.012868749
2025-04-09 04:00:00,-0.0398279
2025-04-09 05:00:00,-0.068732865
2025-04-09 06:00:00,-0.09726066
2025-04-09 07:00:00,-0.10595852
2025-04-09 08:00:00,0.0014323911
2025-04-09 09:00:00,0.18326057
2025-04-09 10:00:00,0.30311444
2025-04-09 11:00:00,0.35759786
2025-04-09 12:00:00,0.34068078
2025-04-09 13:00:00,0.24999613
2025-04-09 14:00:00,0.107301444
2025-04-09 15:00:00,0.014512424
2025-04-09 16:00:00,-0.02910507
2025-04-09 17:00:00,-0.053197157
2025-04-09 18:00:00,-0.077311695
2025-04-09 19:00:00,-0.07699955
2025-04-09 20:00:00,0.061948072
2025-04-09 21:00:00,0.24220027
2025-04-09 22:00:00,0.35741898
2025-04-09 23:00:00,0.41085818
2025-04-10 00:00:00,0.3956227
2025-04-10 01:00:00,0.30863497
2025-04-10 02:00:00,0.16087091
2025-04-10 03:00:00,0.059973743
2025-04-10 04:00:00,0.014522017
2025-04-10 05:00:00,-0.014662265
2025-04-10 06:00:00,-0.04687887
2025-04-10 07:00:00,-0.07322962
2025-04-10 08:00:00,-0.031485002
2025-04-10 09:00:00,0.17334649
2025-04-10 10:00:00,0.32336846
2025-04-10 11:00:00,0.42134663
2025-04-10 12:00:00,0.44973752
2025-04-10 13:00:00,0.41248852
2025-04-10 14:00:00,0.29817957
2025-04-10 15:00:00,0.15250376
2025-04-10 16:00:00,0.07446863
2025-04-10 17:00:00,0.042708945
2025-04-10 18:00:00,0.01152851
2025-04-10 19:00:00,-0.011584095
2025-04-10 20:00:00,0.067660175
2025-04-10 21:00:00,0.27178144
2025-04-10 22:00:00,0.40559554
2025-04-10 23:00:00,0.4917455
2025-04-11 00:00:00,0.5098839
2025-04-11 01:00:00,0.46787038
2025-04-11 02:00:00,0.34809318
2025-04-11 03:00:00,0.20536476
2025-04-11 04:00:00,0.12683985
2025-04-11 05:00:00,0.08976207
2025-04-11 06:00:00,0.05346793
2025-04-11 07:00:00,0.017224973
2025-04-11 08:00:00,0.016376285
2025-04-11 09:00:00,0.20207103
2025-04-11 10:00:00,0.37871116
2025-04-11 11:00:00,0.4958329
2025-04-11 12:00:00,0.5378618
2025-04-11 13:00:00,0.51193184
2025-04-11 14:00:00,0.4206541
2025-04-11 15:00:00,0.27973327
2025-04-11 16:00:00,0.17639063
2025-04-11 17:00:00,0.1299146
2025-04-11 18:00:00,0.09522992
2025-04-11 19:00:00,0.055554412
2025-04-11 20:00:00,0.043407463
2025-04-11 21:00:00,0.21105416
2025-04-11 22:00:00,0.39194542
2025-04-11 23:00:00,0.5123808
2025-04-12 00:00:00,0.5623274
2025-04-12 01:00:00,0.54603475
2025-04-12 02:00:00,0.4568882
2025-04-12 03:00:00,0.31272027
2025-04-12 04:00:00,0.20235825
2025-04-12 05:00:00,0.14946999
2025-04-12 06:00:00,0.11464294
2025-04-12 07:00:00,0.075773485
2025-04-12 08:00:00,0.046958864
2025-04-12 09:00:00,0.14868762
2025-04-12 10:00:00,0.3619402
2025-04-12 11:00:00,0.4947137
2025-04-12 12:00:00,0.57826227
2025-04-12 13:00:00,0.58300215
2025-04-12 14:00:00,0.51892155
2025-04-12 15:00:00,0.38273007
2025-04-12 16:00:00,0.25116566
2025-04-12 17:00:00,0.18723759
2025-04-12 18:00:00,0.15090531
2025-04-12 19:00:00,0.1086156
2025-04-12 20:00:00,0.066429675
2025-04-12 21:00:00,0.1057219
2025-04-12 22:00:00,0.319818
2025-04-12 23:00:00,0.46521392
2025-04-13 00:00:00,0.5544363
2025-04-13 01:00:00,0.56550044
2025-04-13 02:00:00,0.5010131
2025-04-13 03:00:00,0.3663548
2025-04-13 04:00:00,0.24097909
2025-04-13 05:00:00,0.165691
2025-04-13 06:00:00,0.12591639
2025-04-13 07:00:00,0.08616116
2025-04-13 08:00:00,0.047395866
2025-04-13 09:00:00,0.063514374
2025-04-13 10:00:00,0.28206727
2025-04-13 11:00:00,0.4468587
2025-04-13 12:00:00,0.5575235
2025-04-13 13:00:00,0.5987648
2025-04-13 14:00:00,0.56759924
2025-04-13 15:00:00,0.4561166
2025-04-13 16:00:00,0.30565056
2025-04-13 17:00:00,0.2113549
2025-04-13 18:00:00,0.1647912
2025-04-13 19:00:00,0.12739886
2025-04-13 20:00:00,0.087863624
2025-04-13 21:00:00,0.06713557
2025-04-13 22:00:00,0.21892194
2025-04-13 23:00:00,0.40647754
2025-04-14 00:00:00,0.52577287
2025-04-14 01:00:00,0.5741086
2025-04-14 02:00:00,0.53958887
2025-04-14 03:00:00,0.4229686
2025-04-14 04:00:00,0.27849373
2025-04-14 05:00:00,0.1868309
2025-04-14 06:00:00,0.14019068
2025-04-14 07:00:00,0.105073184
2025-04-14 08:00:00,0.067217425
2025-04-14 09:00:00,0.040011536
2025-04-14 10:00:00,0.16361864
2025-04-14 11:00:00,0.38088983
2025-04-14 12:00:00,0.512292
